Workbook

Sheet Datos Regional BRUTOS
B1: Riesgo de inundaciones | C1: Riesgo de incendio | D1: Exposición a la sequía | E1: Exposición a contaminación | F1: Proporción mujeres empleadas sector primario | G1: Igualdad jefatura (titular) de la explotación agrícola | H1: Proporción población infantil | I1: Igualdad población infantil | J1: Proporción población +65 | K1: Igualdad población +65 | L1: Proporción mujeres sobre la población total | M1: dependencia | N1: discapacidad | O1: Igualdad discapacidad | P1: Igualdad en inmigraciones procedentes del extranjero | Q1: Igualdad en emigraciones con destino al extranjero | R1: Distribución de la renta P80/P20 | S1: riesgo de pobreza | T1: renta media neta por persona | U1: renta media neta por hogar | V1: Proporción menores 18 años en riesgo pobreza extrema | W1: Igualdad menores 18 años en riesgo pobreza extrema | X1: Proporción población total en riesgo pobreza extrema | Y1: Igualdad población en riesgo pobreza extrema | Z1: Proporción Mayores 65 años en riesgo pobreza extrema | AA1: Igualdad población mayor 65 años en riesgo pobreza extrema | AB1: Igualdad en la formación profesional | AC1: Igualdad +25 con estudios secundarios y superiores | AD1: nivel educativo | AE1: Igualdad en nivel educativo estudios primarios | AF1: Igualdad población ocupada | AG1: Tiempo de ocupación | AH1: Igualdad en el tiempo de ocupación | AI1: Igualdad en el empleo en el sector industrial | AJ1: Igualdad en el empleo en el sector de la construcción | AK1: Igualdad en el empleo en el sector servicios | AL1: Proporción Población activa | AM1: Proporción Desempleo | AN1: Igualdad en desempleo | AO1: Proporción personas que viven solas | AP1: Igualdad personas que viven solas | AQ1: Igualdad en el grado de participación en las tareas domésticas | AR1: Igualdad en cuidados a menores o personas dependientes dentro del hogar | AS1: Proporción Personas sin apoyo social | AT1: Igualdad personas sin apoyo social | AU1: Proporción personas en establecimientos colectivos (residenciales, de discapacidad, asistencia social, etc) | AV1: Igualdad personas en establecimientos colectivos (residenciales, de discapacidad, asistencia social, etc) | AW1: Dispositivos de atención primaria | AX1: Dispositivos de atención especializada (camas) | AY1: Delitos por acoso sexual | AZ1: Proporción Acceso a smartphone | BA1: Igualdad en el acceso a smartphone | BB1: Igualdad en el acceso a internet | BC1: Proporción Hogares que sufren contaminación y otros problemas ambientales | BD1: año construcción vivienda | BE1: personas convivientes y superficie vivienda
A2: 01 Andalucía | B2: 6.4099398 | C2: 14.04816 | D2: 34.103963 | E2: 43.283582 | F2: 82.539683 | G2: 68.849296 | H2: 40.107724 | I2: 71.087234 | J2: 41.117083 | K2: 46.456776 | L2: 45.569912 | M2: 38.577691 | N2: 26.955245 | O2: 33.896935 | P2: 36.338803 | Q2: =ABS(100-P2) -> 63.661197 | R2: 5.8823529 | S2: 61.875 | T2: 96.849951 | U2: 89.233342 | V2: 50.549451 | W2: 14.522417 | X2: 57.627119 | Y2: 31.25 | Z2: 29.52381 | AA2: 34.423248 | AB2: 16.435669 | AC2: 25.002613 | AD2: 49.836676 | AE2: 23.414376 | AF2: 66.387445 | AG2: 62.202672 | AH2: 65.296129 | AI2: 47.837025 | AJ2: 39.802956 | AK2: 42.473874 | AL2: 62.201964 | AM2: 48.22335 | AN2: 55.04843 | AO2: 41.866719 | AP2: 15.563736 | AQ2: 62.253806 | AR2: 41.260137 | AS2: 20.55328 | AT2: 68.973657 | AU2: 0 | AV2: 9.0588186 | AW2: 83.045254 | AX2: 97.637416 | AY2: 51.148692 | AZ2: 45.206885 | BA2: 39.107623 | BB2: 44.172461 | BC2: 43.283582 | BD2: 11.814143 | BE2: 41.92997
A3: 02 Aragón | B3: 5.904445 | C3: 33.739927 | D3: 100 | E3: 24.626866 | F3: 44.444444 | G3: 92.242467 | H3: 30.412413 | I3: 86.247177 | J3: 63.271924 | K3: 47.765771 | L3: 31.033549 | M3: 66.780321 | N3: 16.040554 | O3: 34.348423 | P3: 89.518135 | Q3: =ABS(100-P3) -> 10.481865 | R3: 5.8823529 | S3: 17.8125 | T3: 46.842919 | U3: 47.1186 | V3: 20.32967 | W3: 21.594203 | X3: 16.101695 | Y3: 76.086957 | Z3: 9.5238095 | AA3: 81.463221 | AB3: 69.939955 | AC3: 27.277293 | AD3: 21.816102 | AE3: 47.625723 | AF3: 63.211996 | AG3: 42.541717 | AH3: 81.165202 | AI3: 24.864469 | AJ3: 5.2696583 | AK3: 66.055796 | AL3: 53.646564 | AM3: 14.060914 | AN3: 71.974813 | AO3: 70.245302 | AP3: 24.738425 | AQ3: 44.214733 | AR3: 37.239808 | AS3: 27.31514 | AT3: 77.443315 | AU3: 64.277532 | AV3: 20.683953 | AW3: 0 | AX3: 16.407901 | AY3: 39.861291 | AZ3: 46.746587 | BA3: 42.960027 | BB3: 48.890908 | BC3: 24.626866 | BD3: 59.833905 | BE3: 31.347683
A4: 03 Asturias, Principado de | B4: 25.936312 | C4: 37.66904 | D4: 53.275931 | E4: 76.865672 | F4: 28.571429 | G4: 23.836398 | H4: 0 | I4: 66.574882 | J4: 100 | K4: 83.187982 | L4: 100 | M4: 99.756454 | N4: 78.160288 | O4: 68.486568 | P4: 6.5376023 | Q4: =ABS(100-P4) -> 93.462398 | R4: 5.8823529 | S4: 19.375 | T4: 40.458445 | U4: 58.560587 | V4: 37.362637 | W4: 51.37931 | X4: 27.966102 | Y4: 82.317073 | Z4: 11.428571 | AA4: 100 | AB4: 77.042455 | AC4: 53.953435 | AD4: 25.617627 | AE4: 100 | AF4: 19.327916 | AG4: 62.352953 | AH4: 34.827597 | AI4: 76.26007 | AJ4: 45.378151 | AK4: 71.368735 | AL4: 100 | AM4: 16.548223 | AN4: 31.021978 | AO4: 100 | AP4: 58.748358 | AQ4: 40.320364 | AR4: 14.809079 | AS4: 40.903435 | AT4: 69.341523 | AU4: 16.912442 | AV4: 29.116104 | AW4: 78.193951 | AX4: 14.006265 | AY4: 30.525733 | AZ4: 71.934713 | BA4: 40.530993 | BB4: 62.707926 | BC4: 76.865672 | BD4: 60.235283 | BE4: 32.619387
A5: 04 Balears, Illes | B5: 0 | C5: 0 | D5: 31.914674 | E5: 35.074627 | F5: 0 | G5: 82.811084 | H5: 35.915875 | I5: 88.072689 | J5: 26.546263 | K5: 38.506065 | L5: 22.725045 | M5: 8.4754019 | N5: 0 | O5: 22.188097 | P5: 24.013338 | Q5: =ABS(100-P5) -> 75.986662 | R5: 5.8823529 | S5: 5.9375 | T5: 44.325693 | U5: 17.089015 | V5: 8.7912088 | W5: 0 | X5: 11.016949 | Y5: 0 | Z5: 15.238095 | AA5: 0 | AB5: 16.320031 | AC5: 5.1432877 | AD5: 14.27672 | AE5: 17.333338 | AF5: 48.542638 | AG5: 0 | AH5: 26.057193 | AI5: 41.159578 | AJ5: 43.688471 | AK5: 32.867567 | AL5: 0 | AM5: 0 | AN5: 8.2551075 | AO5: 45.435394 | AP5: 29.213456 | AQ5: 38.239691 | AR5: 23.022855 | AS5: 59.839848 | AT5: 11.021483 | AU5: 36.937086 | AV5: 25.906625 | AW5: 89.653665 | AX5: 86.544682 | AY5: 100 | AZ5: 16.252508 | BA5: 94.766571 | BB5: 30.374479 | BC5: 35.074627 | BD5: 51.871271 | BE5: 23.310156
A6: 05 Canarias | C6: 20.547568 | D6: 80.358311 | E6: 29.850746 | F6: 14.285714 | G6: 71.822089 | H6: 14.143228 | I6: 89.193425 | J6: 35.127259 | K6: 29.249874 | L6: 39.980908 | M6: 0 | N6: 17.477953 | O6: 56.925344 | P6: 22.2253 | Q6: =ABS(100-P6) -> 77.7747 | R6: 11.764706 | S6: 47.5 | T6: 80.241879 | U6: 64.767173 | V6: 32.417582 | W6: 17.995169 | X6: 45.762712 | Y6: 50.480769 | Z6: 58.095238 | AA6: 27.912525 | AB6: 0 | AC6: 0 | AD6: 50.040344 | AE6: 0 | AF6: 40.634513 | AG6: 14.104285 | AH6: 12.414678 | AI6: 31.651447 | AJ6: 57.34173 | AK6: 17.687762 | AL6: 49.158485 | AM6: 44.771574 | AN6: 29.808814 | AO6: 42.645444 | AP6: 27.017626 | AQ6: 0 | AR6: 21.879914 | AS6: 100 | AT6: 66.566823 | AU6: 2.6057921 | AV6: 32.264305 | AW6: 91.548921 | AX6: 78.854811 | AY6: 69.525154 | AZ6: 36.76593 | BA6: 0 | BB6: 0 | BC6: 29.850746 | BD6: 0 | BE6: 46.539089
A7: 06 Cantabria | B7: 47.669362 | D7: 62.1972 | E7: 14.925373 | F7: 11.111111 | G7: 69.948474 | H7: 16.04849 | I7: 78.405754 | J7: 75.492869 | K7: 62.286414 | L7: 74.292761 | M7: 72.868972 | N7: 78.821725 | O7: 11.654015 | P7: 2.0915515 | Q7: =ABS(100-P7) -> 97.908449 | R7: 0 | S7: 24.6875 | T7: 61.454085 | U7: 62.644713 | V7: 22.527473 | W7: 41.046832 | X7: 22.033898 | Y7: 100 | Z7: 15.238095 | AA7: 85.28827 | AB7: 35.165368 | AC7: 33.322839 | AD7: 1.8583347 | AE7: 92.743137 | AF7: 37.571099 | AG7: 38.354326 | AH7: 76.262257 | AI7: 52.929061 | AJ7: 26.245847 | AK7: 67.384783 | AL7: 74.754558 | AM7: 9.3908629 | AN7: 14.068019 | AO7: 73.491937 | AP7: 28.472591 | AQ7: 39.242842 | AR7: 38.201484 | AS7: 79.012476 | AT7: 81.048611 | AU7: 46.843534 | AV7: 38.936597 | AW7: 69.386445 | AX7: 20.559841 | AY7: 32.572073 | AZ7: 68.470455 | BA7: 12.395844 | BB7: 74.122847 | BC7: 14.925373 | BD7: 53.976456 | BE7: 17.574837
A8: 07 Castilla y León | B8: 9.8265493 | C8: 1.9883212 | D8: 51.409263 | E8: 17.164179 | F8: 30.15873 | G8: 98.801746 | H8: 11.183428 | I8: 0 | J8: 92.944952 | K8: 28.386676 | L8: 43.335483 | M8: 100 | N8: 33.778301 | O8: 41.946021 | P8: 24.539648 | Q8: =ABS(100-P8) -> 75.460352 | R8: 5.8823529 | S8: 28.4375 | T8: 58.191534 | U8: 72.510934 | V8: 31.318681 | W8: 0 | X8: 22.033898 | Y8: 88.815789 | Z8: 13.333333 | AA8: 92.118716 | AB8: 52.030704 | AC8: 36.87195 | AD8: 43.919805 | AE8: 46.972101 | AF8: 61.651863 | AG8: 49.032413 | AH8: 100 | AI8: 37.510343 | AJ8: 30.66126 | AK8: 76.25516 | AL8: 82.608696 | AM8: 14.771574 | AN8: 38.926013 | AO8: 90.256171 | AP8: 10.874544 | AQ8: 50.974596 | AR8: 31.747669 | AS8: 31.112606 | AT8: 52.043538 | AU8: 53.985311 | AV8: 59.438823 | AW8: 0 | AX8: 37.786826 | AY8: 21.521657 | AZ8: 81.611722 | BA8: 21.884643 | BB8: 47.537621 | BC8: 17.164179 | BD8: 44.290304 | BE8: 7.8908033
A9: 08 Castilla - La Mancha | B9: 5.1003501 | C9: 13.40465 | D9: 58.141438 | E9: 18.656716 | F9: 36.507937 | G9: 68.358083 | H9: 39.169549 | I9: 58.085668 | J9: 47.173148 | K9: 24.506994 | L9: 8.5826901 | M9: 48.075986 | N9: 34.869991 | O9: 0 | P9: 53.077991 | Q9: =ABS(100-P9) -> 46.922009 | R9: 11.764706 | S9: 56.25 | T9: 94.515539 | U9: 89.323386 | V9: 43.406593 | W9: 31.236897 | X9: 42.372881 | Y9: 36.764706 | Z9: 23.809524 | AA9: 63.220676 | AB9: 22.934717 | AC9: 43.805829 | AD9: 59.116873 | AE9: 39.855771 | AF9: 97.800696 | AG9: 44.049603 | AH9: 86.894768 | AI9: 14.01638 | AJ9: 53.398832 | AK9: 65.868683 | AL9: 52.875175 | AM9: 34.416244 | AN9: 94.823992 | AO9: 45.49845 | AP9: 4.7205061 | AQ9: 64.589926 | AR9: 55.238419 | AS9: 82.261842 | AT9: 62.695223 | AU9: 8.4086099 | AV9: 40.538339 | AW9: 17.024925 | AX9: 72.352784 | AY9: 41.041575 | AZ9: 63.981441 | BA9: 52.161884 | BB9: 70.702098 | BC9: 18.656716 | BD9: 5.9728901 | BE9: 2.7518882
A10: 09 Cataluña | B10: 20.265955 | C10: 11.292065 | D10: 5.367485 | E10: 67.164179 | F10: 6.3492063 | G10: 100 | H10: 35.726963 | I10: 52.6365 | J10: 44.891684 | K10: 68.298264 | L10: 41.198289 | M10: 39.990258 | N10: 42.906627 | O10: 9.0174069 | P10: 79.660981 | Q10: =ABS(100-P10) -> 20.339019 | R10: 17.647059 | S10: 10.9375 | T10: 35.606806 | U10: 18.844868 | V10: 24.175824 | W10: 20.189702 | X10: 19.491525 | Y10: 0 | Z10: 4.7619048 | AA10: 37.475149 | AB10: 35.723005 | AC10: 19.733082 | AD10: 16.093312 | AE10: 40.84267 | AF10: 45.640662 | AG10: 32.025593 | AH10: 30.172164 | AI10: 10.837691 | AJ10: 52.784504 | AK10: 40.06253 | AL10: 31.907433 | AM10: 12.233503 | AN10: 22.282539 | AO10: 54.693538 | AP10: 57.174403 | AQ10: 16.981639 | AR10: 19.012674 | AS10: 56.148577 | AT10: 100 | AU10: 66.245309 | AV10: 11.721239 | AW10: 86.42015 | AX10: 0.67919 | AY10: 0 | AZ10: 17.707197 | BA10: 86.193713 | BB10: 71.137191 | BC10: 67.164179 | BD10: 64.383354 | BE10: 47.813498
A11: 10 Comunitat Valenciana | B11: 20.385945 | C11: 79.20383 | D11: 21.256569 | E11: 47.761194 | F11: 20.634921 | G11: 82.738301 | H11: 34.424341 | I11: 12.75595 | J11: 49.185342 | K11: 48.880343 | L11: 44.708349 | M11: 46.078909 | N11: 22.301588 | O11: 13.904355 | P11: 27.443899 | Q11: =ABS(100-P11) -> 72.556101 | R11: 17.647059 | S11: 48.125 | T11: 80.213753 | U11: 76.267044 | V11: 51.098901 | W11: 14.437984 | X11: 53.389831 | Y11: 19.396552 | Z11: 30.47619 | AA11: 24.790035 | AB11: 21.040781 | AC11: 24.098807 | AD11: 32.191097 | AE11: 33.326353 | AF11: 59.10093 | AG11: 91.914836 | AH11: 52.287475 | AI11: 23.600262 | AJ11: 39.56044 | AK11: 49.18112 | AL11: 51.893408 | AM11: 30.253807 | AN11: 51.13154 | AO11: 62.965928 | AP11: 38.775439 | AQ11: 34.399524 | AR11: 24.104273 | AS11: 24.758864 | AT11: 41.814901 | AU11: 13.175405 | AV11: 31.967724 | AW11: 85.368854 | AX11: 100 | AY11: 62.620691 | AZ11: 35.26374 | BA11: 61.28719 | BB11: 66.66839 | BC11: 47.761194 | BD11: 32.521231 | BE11: 15.740355
A12: 11 Extremadura | B12: 6.1748365 | C12: 28.594281 | D12: 34.852159 | E12: 8.2089552 | F12: 71.428571 | G12: 85.788304 | H12: 25.132221 | I12: 60.800758 | J12: 65.429204 | K12: 29.735419 | L12: 37.969497 | M12: 64.39357 | N12: 33.117628 | O12: 45.344343 | P12: 7.4030388 | Q12: =ABS(100-P12) -> 92.596961 | R12: 0 | S12: 56.5625 | T12: 93.615525 | U12: 100 | V12: 47.802198 | W12: 29.740519 | X12: 45.762712 | Y12: 42.857143 | Z12: 16.190476 | AA12: 53.412856 | AB12: 13.545023 | AC12: 33.934616 | AD12: 55.129741 | AE12: 33.67506 | AF12: 61.535713 | AG12: 63.757439 | AH12: 65.862362 | AI12: 58.741781 | AJ12: 48.667737 | AK12: 73.602238 | AL12: 78.401122 | AM12: 39.543147 | AN12: 53.839242 | AO12: 69.493301 | AP12: 1.2604215 | AQ12: 69.254207 | AR12: 42.6778 | AS12: 24.829439 | AT12: 74.019678 | AU12: 8.0913765 | AV12: 44.094667 | AW12: 35.092215 | AX12: 0 | AY12: 26.439586 | AZ12: 75.36581 | BA12: 9.9286425 | BB12: 6.7220888 | BC12: 8.2089552 | BD12: 57.38087 | BE12: 0
A13: 12 Galicia | B13: 8.9307892 | C13: 100 | D13: 72.517161 | E13: 17.910448 | F13: 57.142857 | G13: 0 | H13: 9.0828003 | I13: 31.524582 | J13: 90.579801 | K13: 68.242885 | L13: 84.880275 | M13: 92.498782 | N13: 40.693186 | O13: 6.1781288 | P13: 36.3655 | Q13: =ABS(100-P13) -> 63.6345 | R13: 5.8823529 | S13: 15 | T13: 63.563493 | U13: 64.297659 | V13: 21.428571 | W13: 0 | X13: 22.881356 | Y13: 57.692308 | Z13: 22.857143 | AA13: 48.508946 | AB13: 44.448584 | AC13: 54.72281 | AD13: 66.322701 | AE13: 54.950739 | AF13: 0 | AG13: 64.243403 | AH13: 35.51376 | AI13: 22.677249 | AJ13: 42.647059 | AK13: 58.848035 | AL13: 90.88359 | AM13: 11.319797 | AN13: 7.2863827 | AO13: 60.619299 | AP13: 44.986067 | AQ13: 35.515358 | AR13: 28.632141 | AS13: 43.877685 | AT13: 58.623552 | AU13: 32.264788 | AV13: 11.873187 | AW13: 83.827709 | AX13: 41.040561 | AY13: 22.375377 | AZ13: 100 | BA13: 57.47439 | BB13: 100 | BC13: 17.910448 | BD13: 40.704299 | BE13: 12.114742
A14: 13 Madrid, Comunidad de | B14: 23.896457 | C14: 5.9321861 | D14: 19.37846 | E14: 67.164179 | F14: 0 | G14: 88.98375 | H14: 35.496516 | I14: 97.495148 | J14: 39.501848 | K14: 100 | L14: 93.756016 | M14: 30.150999 | N14: 16.25593 | O14: 28.708184 | P14: 2.090312 | Q14: =ABS(100-P14) -> 97.909688 | R14: 35.294118 | S14: 15.3125 | T14: 25.355084 | U14: 0 | V14: 19.78022 | W14: 0 | X14: 23.728814 | Y14: 46.875 | Z14: 14.285714 | AA14: 66.163022 | AB14: 63.088689 | AC14: 30.113508 | AD14: 2.9727405 | AE14: 76.440984 | AF14: 3.276798 | AG14: 23.502169 | AH14: 26.684656 | AI14: 21.950055 | AJ14: 21.410579 | AK14: 17.357718 | AL14: 27.208976 | AM14: 11.218274 | AN14: 0 | AO14: 52.024048 | AP14: 72.372779 | AQ14: 14.435413 | AR14: 6.5404869 | AS14: 82.637219 | AT14: 51.130877 | AU14: 25.505107 | AV14: 21.950177 | AW14: 100 | AX14: 96.334817 | AY14: 37.366943 | AZ14: 14.817667 | BA14: 77.358135 | BB14: 93.706745 | BC14: 67.164179 | BD14: 47.069159 | BE14: 53.149178
A15: 14 Murcia, Región de | C15: 4.718979 | D15: 0 | E15: 28.358209 | F15: 100 | G15: 63.62975 | H15: 56.657934 | I15: 44.100495 | J15: 27.773967 | K15: 40.282303 | L15: 12.790497 | M15: 34.33999 | N15: 63.980152 | O15: 7.5078095 | P15: 100 | Q15: =ABS(100-P15) -> 0 | R15: 5.8823529 | S15: 51.875 | T15: 100 | U15: 77.984307 | V15: 49.450549 | W15: 0 | X15: 55.084746 | Y15: 0 | Z15: 27.619048 | AA15: 18.146441 | AB15: 11.588684 | AC15: 18.201735 | AD15: 65.734967 | AE15: 7.8998737 | AF15: 100 | AG15: 53.848311 | AH15: 65.363864 | AI15: 31.024437 | AJ15: 11.456514 | AK15: 59.707491 | AL15: 41.795231 | AM15: 36.243655 | AN15: 29.314535 | AO15: 26.453107 | AP15: 58.431734 | AQ15: 67.812192 | AR15: 38.589236 | AS15: 0 | AT15: 0 | AU15: 7.5357428 | AV15: 22.551387 | AW15: 84.456133 | AX15: 67.302683 | AY15: 64.15808 | AZ15: 35.992273 | BA15: 56.953432 | BB15: 65.474093 | BC15: 28.358209 | BD15: 6.9973013 | BE15: 35.398217
A16: 15 Navarra, Comunidad Foral de | B16: 14.694986 | D16: 57.630943 | E16: 11.940299 | F16: 20.634921 | G16: 95.721293 | H16: 42.181678 | I16: 96.204577 | J16: 52.990508 | K16: 35.741079 | L16: 32.784481 | M16: 62.396493 | N16: 15.753059 | O16: 51.544998 | P16: 53.129148 | Q16: =ABS(100-P16) -> 46.870852 | R16: 11.764706 | S16: 15 | T16: 25.664464 | U16: 8.7792642 | V16: 36.813187 | W16: 100 | X16: 33.898305 | Y16: 32.608696 | Z16: 14.285714 | AA16: 51.356378 | AB16: 68.246045 | AC16: 12.199608 | AD16: 0 | AE16: 40.916628 | AF16: 57.370808 | AG16: 63.453872 | AH16: 79.391721 | AI16: 25.660654 | AJ16: 49.871465 | AK16: 90.339398 | AL16: 59.11641 | AM16: 7.715736 | AN16: 52.463223 | AO16: 61.91667 | AP16: 0 | AQ16: 17.396168 | AR16: 0 | AS16: 6.7529472 | AT16: 61.617015 | AU16: 33.589154 | AV16: 55.888155 | AW16: 46.305235 | AX16: 74.267562 | AY16: 41.816109 | AZ16: 38.531649 | BA16: 12.532014 | BB16: 17.003041 | BC16: 11.940299 | BD16: 41.595658 | BE16: 20.78248
A17: 16 País Vasco | B17: 22.703805 | C17: 9.7503742 | D17: 21.87121 | E17: 18.656716 | F17: 7.9365079 | G17: 74.371957 | H17: 23.960788 | I17: 91.796595 | J17: 73.343944 | K17: 68.973645 | L17: 64.617257 | M17: 77.88602 | N17: 23.863747 | O17: 100 | P17: 70.160641 | Q17: =ABS(100-P17) -> 29.839359 | R17: 0 | S17: 0 | T17: 0 | U17: 1.2284538 | V17: 0 | W17: 0 | X17: 0 | Y17: 57.692308 | Z17: 0 | AA17: 90.913343 | AB17: 100 | AC17: 38.845935 | AD17: 5.1016519 | AE17: 95.270278 | AF17: 14.672553 | AG17: 100 | AH17: 64.289247 | AI17: 63.030082 | AJ17: 0 | AK17: 71.671109 | AL17: 77.769986 | AM17: 6.142132 | AN17: 0.1541638 | AO17: 75.157539 | AP17: 100 | AQ17: 13.602173 | AR17: 4.1759615 | AS17: 19.023797 | AT17: 74.329631 | AU17: 50.16639 | AV17: 0 | AW17: 86.603784 | AX17: 40.70479 | AY17: 30.212558 | AZ17: 50.608026 | BA17: 73.765072 | BB17: 88.682347 | BC17: 18.656716 | BD17: 100 | BE17: 47.899818
A18: 17 Rioja, La | B18: 26.207765 | C18: 3.1649486 | D18: 88.318853 | E18: 0 | F18: 50.793651 | G18: 99.318986 | H18: 33.031731 | I18: 65.575066 | J18: 62.571555 | K18: 32.414451 | L18: 41.230464 | M18: 69.069654 | N18: 23.433041 | O18: 51.957967 | P18: 0 | Q18: =ABS(100-P18) -> 100 | R18: 5.8823529 | S18: 31.25 | T18: 63.971312 | U18: 68.137381 | V18: 32.967033 | W18: 53.985507 | X18: 27.966102 | Y18: 35.294118 | Z18: 16.190476 | AA18: 82.203553 | AB18: 44.236247 | AC18: 7.8182172 | AD18: 35.14288 | AE18: 13.002762 | AF18: 40.607366 | AG18: 33.316495 | AH18: 84.049584 | AI18: 0 | AJ18: 28.220859 | AK18: 100 | AL18: 49.43899 | AM18: 9.8477157 | AN18: 37.8261 | AO18: 77.664059 | AP18: 27.804567 | AQ18: 43.364093 | AR18: 43.475362 | AS18: 28.550067 | AT18: 32.739256 | AU18: 20.389284 | AV18: 71.25506 | AW18: 19.396986 | AX18: 18.388352 | AY18: 38.208436 | AZ18: 57.931197 | BA18: 27.556607 | BB18: 11.874778 | BC18: 0 | BD18: 21.401014 | BE18: 25.614049
A19: 18 Ceuta | B19: 100 | C19: 100 | D19: 22.540013 | E19: 61.940299 | H19: 73.204844 | I19: 16.589787 | J19: 6.4305995 | K19: 18.846646 | L19: 0 | M19: 17.584023 | N19: 67.475545 | O19: 76.181442 | P19: 10.042299 | Q19: =ABS(100-P19) -> 89.957701 | R19: 88.235294 | S19: 78.75 | T19: 79.805934 | U19: 13.42938 | V19: 100 | W19: 77.302205 | X19: 98.305085 | Y19: 69.444444 | Z19: 73.333333 | AA19: 43.034814 | AB19: 23.610973 | AC19: 75.144474 | AD19: 78.066019 | AE19: 49.177054 | AF19: 96.093332 | AG19: 46.36952 | AH19: 0 | AI19: 100 | AJ19: 100 | AK19: 7.421085 | AL19: 55.539972 | AM19: 100 | AN19: 100 | AO19: 4.3247606 | AP19: 2.9511628 | AQ19: 80.025964 | AR19: 61.43449 | AS19: 68.522764 | AT19: 9.5022242 | AU19: 100 | AV19: 100 | AY19: 51.190046 | AZ19: 21.598721 | BA19: 71.755086 | BB19: 76.802081 | BC19: 61.940299 | BD19: 61.90538 | BE19: 100
A20: 19 Melilla | B20: 100 | D20: 21.140175 | E20: 100 | H20: 100 | I20: 100 | J20: 0 | K20: 0 | L20: 6.0367672 | M20: 34.924501 | N20: 100 | O20: 77.344802 | P20: 11.542417 | Q20: =ABS(100-P20) -> 88.457583 | R20: 100 | S20: 100 | T20: 89.059204 | U20: 32.377155 | V20: 92.307692 | W20: 71.536351 | X20: 100 | Y20: 44.91018 | Z20: 100 | AA20: 22.636594 | AB20: 14.668804 | AC20: 100 | AD20: 100 | AE20: 56.886209 | AF20: 76.784733 | AG20: 20.609932 | AH20: 16.028516 | AI20: 65.262198 | AJ20: 13.453537 | AK20: 0 | AL20: 87.237027 | AM20: 91.319797 | AN20: 64.374004 | AO20: 0 | AP20: 12.081135 | AQ20: 100 | AR20: 100 | AS20: 49.600335 | AT20: 58.370894 | AU20: 100 | AV20: 97.884886 | AY20: 76.461724 | AZ20: 0 | BA20: 100 | BB20: 13.016636 | BC20: 100 | BD20: 25.235937 | BE20: 97.378017
B23: 1 | C23: 2 | D23: 3 | E23: 4 | F23: 5 | G23: 6 | H23: 7 | I23: 8 | J23: 9 | K23: 10 | L23: 11 | M23: 12 | N23: 13 | O23: 14 | P23: 15 | Q23: 16 | R23: 17 | S23: 18 | T23: 19 | U23: 20 | V23: 21 | W23: 22 | X23: 23 | Y23: 24 | Z23: 25 | AA23: 26 | AB23: 27 | AC23: 28 | AD23: 29 | AE23: 30 | AF23: 31 | AG23: 32 | AH23: 33 | AI23: 34 | AJ23: 35 | AK23: 36 | AL23: 37 | AM23: 38 | AN23: 39 | AO23: 40 | AP23: 41 | AQ23: 42 | AR23: 43 | AS23: 44 | AT23: 45 | AU23: 46 | AV23: 47 | AW23: 48 | AX23: 49 | AY23: 50 | AZ23: 51 | BA23: 52 | BB23: 53 | BC23: 54 | BD23: 55 | BE23: 56
B24: Riesgo de inundaciones | C24: Riesgo de incendio | D24: Exposición a la sequía | E24: Exposición a contaminación | F24: Proporción mujeres empleadas sector primario | G24: Igualdad jefatura (titular) de la explotación agrícola | H24: Proporción población infantil | I24: Igualdad población infantil | J24: Proporción población +65 | K24: Igualdad población +65 | L24: Proporción mujeres sobre la población total | M24: dependencia | N24: discapacidad | O24: Igualdad discapacidad | P24: Igualdad en inmigraciones procedentes del extranjero | Q24: Igualdad en emigraciones con destino al extranjero | R24: Distribución de la renta P80/P20 | S24: riesgo de pobreza | T24: renta media neta por persona | U24: renta media neta por hogar | V24: Proporción menores 18 años en riesgo pobreza extrema | W24: Igualdad menores 18 años en riesgo pobreza extrema | X24: Proporción población total en riesgo pobreza extrema | Y24: Igualdad población en riesgo pobreza extrema | Z24: Proporción Mayores 65 años en riesgo pobreza extrema | AA24: Igualdad población mayor 65 años en riesgo pobreza extrema | AB24: Igualdad en la formación profesional | AC24: Igualdad +25 con estudios secundarios y superiores | AD24: nivel educativo | AE24: Igualdad en nivel educativo estudios primarios | AF24: Igualdad población ocupada | AG24: Tiempo de ocupación | AH24: Igualdad en el tiempo de ocupación | AI24: Igualdad en el empleo en el sector industrial | AJ24: Igualdad en el empleo en el sector de la construcción | AK24: Igualdad en el empleo en el sector servicios | AL24: Proporción Población activa | AM24: Proporción Desempleo | AN24: Igualdad en desempleo | AO24: Proporción personas que viven solas | AP24: Igualdad personas que viven solas | AQ24: Igualdad en el grado de participación en las tareas domésticas | AR24: Igualdad en cuidados a menores o personas dependientes dentro del hogar | AS24: Proporción Personas sin apoyo social | AT24: Igualdad personas sin apoyo social | AU24: Proporción personas en establecimientos colectivos (residenciales, de discapacidad, asistencia social, etc) | AV24: Igualdad personas en establecimientos colectivos (residenciales, de discapacidad, asistencia social, etc) | AW24: Dispositivos de atención primaria | AX24: Dispositivos de atención especializada (camas) | AY24: Delitos por acoso sexual | AZ24: Proporción Acceso a smartphone | BA24: Igualdad en el acceso a smartphone | BB24: Igualdad en el acceso a internet | BC24: Proporción Hogares que sufren contaminación y otros problemas ambientales | BD24: año construcción vivienda | BE24: personas convivientes y superficie vivienda
A25: PONDERACIÓN | B25: 1.6994323 | C25: 1.761691 | D25: 1.7824439 | E25: 1.5449384 | F25: 1.5195738 | G25: 1.5034326 | H25: 1.5962781 | I25: 1.6763735 | J25: 1.5795266 | K25: 1.7017382 | L25: 1.7755263 | M25: 1.7909892 | N25: 1.761691 | O25: 1.7744412 | P25: 1.7279084 | Q25: 1.6319535 | R25: 1.9440588 | S25: 1.9115053 | T25: 1.7517893 | U25: 1.7565367 | V25: 1.7921422 | W25: 1.7375471 | X25: 1.856232 | Y25: 1.832495 | Z25: 1.7897685 | AA25: 1.8097651 | AB25: 1.6071972 | AC25: 1.7351734 | AD25: 1.7340205 | AE25: 1.685597 | AF25: 1.7779 | AG25: 1.7755263 | AH25: 1.7494156 | AI25: 1.6259833 | AJ25: 1.5167932 | AK25: 1.7731526 | AL25: 1.8253739 | AM25: 1.832495 | AN25: 1.8396161 | AO25: 1.7422945 | AP25: 1.8253739 | AQ25: 1.8514846 | AR25: 1.8419898 | AS25: 1.7161838 | AT25: 1.7256786 | AU25: 1.706689 | AV25: 1.6728099 | AW25: 1.7422945 | AX25: 1.7043153 | AY25: 1.7802737 | AZ25: 1.5642671 | BA25: 1.6164885 | BB25: 1.6236096 | BC25: 1.7402175 | BD25: 1.7494156 | BE25: 1.6663362
B26: =100*B25 -> 169.94323 | C26: =100*C25 -> 176.1691 | D26: =100*D25 -> 178.24439 | E26: =100*E25 -> 154.49384 | F26: =100*F25 -> 151.95738 | G26: =100*G25 -> 150.34326 | H26: =100*H25 -> 159.62781 | I26: =100*I25 -> 167.63735 | ... BE26: =100*BE25 -> 166.63362

Sheet Datos ponderados
A1: Unidad territorial | B1: Riesgo de inundaciones | C1: Riesgo de incendios | D1: Exposición a la sequía | E1: Exposición a contaminación | F1: Proporción mujeres empleadas sector primario | G1: Igualdad jefatura (titular) de la explotación agrícola | H1: Proporción población infantil | I1: Igualdad población infantil | J1: Proporción población +65 | K1: Igualdad población +65 | L1: Proporción mujeres sobre la población total | M1: dependencia | N1: discapacidad | O1: Igualdad discapacidad | P1: Igualdad en inmigraciones procedentes del extranjero | Q1: Igualdad en emigraciones con destino al extranjero | R1: Distribución de la renta P80/P20 | S1: riesgo de pobreza | T1: renta media neta por persona | U1: renta media neta por hogar | V1: Proporción menores 18 años en riesgo pobreza extrema | W1: Igualdad menores 18 años en riesgo pobreza extrema | X1: Proporción población total en riesgo pobreza extrema | Y1: Igualdad población en riesgo pobreza extrema | Z1: Proporción Mayores 65 años en riesgo pobreza extrema | AA1: Igualdad población mayor 65 años en riesgo pobreza extrema | AB1: Igualdad en la formación profesional | AC1: Igualdad +25 con estudios secundarios y superiores | AD1: nivel educativo | AE1: Igualdad en nivel educativo estudios primarios | AF1: Igualdad población ocupada | AG1: Tiempo de ocupación | AH1: Igualdad en el tiempo de ocupación | AI1: Igualdad en el empleo en el sector industrial | AJ1: Igualdad en el empleo en el sector de la construcción | AK1: Igualdad en el empleo en el sector servicios | AL1: Proporción Población activa | AM1: Proporción Desempleo | AN1: Igualdad en desempleo | AO1: Proporción personas que viven solas | AP1: Igualdad personas que viven solas | AQ1: Igualdad en el grado de participación en las tareas domésticas | AR1: Igualdad en cuidados a menores o personas dependientes dentro del hogar | AS1: Proporción Personas sin apoyo social | AT1: Igualdad personas sin apoyo social | AU1: Proporción personas en establecimientos colectivos (residenciales, de discapacidad, asistencia social, etc) | AV1: Igualdad personas en establecimientos colectivos (residenciales, de discapacidad, asistencia social, etc) | AW1: Dispositivos de atención primaria | AX1: Dispositivos de atención especializada (camas) | AY1: Delitos por acoso sexual | AZ1: Proporción Acceso a smartphone | BA1: Igualdad en el acceso a smartphone | BB1: Igualdad en el acceso a internet | BC1: Proporción Hogares que sufren contaminación y otros problemas ambientales | BD1: año construcción vivienda | BE1: personas convivientes y superficie vivienda | BG1: Indice ClimaGen
A2: 01 Andalucía | B2: ='Datos Regional BRUTOS'!B2*'Datos Regional BRUTOS'!B$25 -> 10.893259 | C2: ='Datos Regional BRUTOS'!C2*'Datos Regional BRUTOS'!C$25 -> 24.748518 | D2: ='Datos Regional BRUTOS'!D2*'Datos Regional BRUTOS'!D$25 -> 60.788401 | E2: ='Datos Regional BRUTOS'!E2*'Datos Regional BRUTOS'!E$25 -> 66.87047 | F2: ='Datos Regional BRUTOS'!F2*'Datos Regional BRUTOS'!F$25 -> 125.42514 | G2: ='Datos Regional BRUTOS'!G2*'Datos Regional BRUTOS'!G$25 -> 103.51028 | H2: ='Datos Regional BRUTOS'!H2*'Datos Regional BRUTOS'!H$25 -> 64.023083 | I2: ='Datos Regional BRUTOS'!I2*'Datos Regional BRUTOS'!I$25 -> 119.16875 | ... BE2: ='Datos Regional BRUTOS'!BE2*'Datos Regional BRUTOS'!BE$25 -> 69.869424 | BF2: =AVERAGE(B2:BE2) -> 76.532672 | BG2: 76.532672
A3: 02 Aragón | B3: ='Datos Regional BRUTOS'!B3*'Datos Regional BRUTOS'!B$25 -> 10.034205 | C3: ='Datos Regional BRUTOS'!C3*'Datos Regional BRUTOS'!C$25 -> 59.439325 | D3: ='Datos Regional BRUTOS'!D3*'Datos Regional BRUTOS'!D$25 -> 178.24439 | E3: ='Datos Regional BRUTOS'!E3*'Datos Regional BRUTOS'!E$25 -> 38.046991 | F3: ='Datos Regional BRUTOS'!F3*'Datos Regional BRUTOS'!F$25 -> 67.536613 | G3: ='Datos Regional BRUTOS'!G3*'Datos Regional BRUTOS'!G$25 -> 138.68034 | H3: ='Datos Regional BRUTOS'!H3*'Datos Regional BRUTOS'!H$25 -> 48.54667 | I3: ='Datos Regional BRUTOS'!I3*'Datos Regional BRUTOS'!I$25 -> 144.58248 | ... BE3: ='Datos Regional BRUTOS'!BE3*'Datos Regional BRUTOS'!BE$25 -> 52.235777 | BF3: =AVERAGE(B3:BE3) -> 73.445682 | BG3: 73.445682
A4: 03 Asturias, Principado de | B4: ='Datos Regional BRUTOS'!B4*'Datos Regional BRUTOS'!B$25 -> 44.077006 | C4: ='Datos Regional BRUTOS'!C4*'Datos Regional BRUTOS'!C$25 -> 66.361209 | D4: ='Datos Regional BRUTOS'!D4*'Datos Regional BRUTOS'!D$25 -> 94.961358 | E4: ='Datos Regional BRUTOS'!E4*'Datos Regional BRUTOS'!E$25 -> 118.75273 | F4: ='Datos Regional BRUTOS'!F4*'Datos Regional BRUTOS'!F$25 -> 43.416394 | G4: ='Datos Regional BRUTOS'!G4*'Datos Regional BRUTOS'!G$25 -> 35.836419 | H4: ='Datos Regional BRUTOS'!H4*'Datos Regional BRUTOS'!H$25 -> 0 | I4: ='Datos Regional BRUTOS'!I4*'Datos Regional BRUTOS'!I$25 -> 111.60437 | ... BE4: ='Datos Regional BRUTOS'!BE4*'Datos Regional BRUTOS'!BE$25 -> 54.354865 | BF4: =AVERAGE(B4:BE4) -> 90.013785 | BG4: 90.013785
A5: 04 Balears, Illes | B5: ='Datos Regional BRUTOS'!B5*'Datos Regional BRUTOS'!B$25 -> 0 | C5: ='Datos Regional BRUTOS'!C5*'Datos Regional BRUTOS'!C$25 -> 0 | D5: ='Datos Regional BRUTOS'!D5*'Datos Regional BRUTOS'!D$25 -> 56.886116 | E5: ='Datos Regional BRUTOS'!E5*'Datos Regional BRUTOS'!E$25 -> 54.188139 | F5: ='Datos Regional BRUTOS'!F5*'Datos Regional BRUTOS'!F$25 -> 0 | G5: ='Datos Regional BRUTOS'!G5*'Datos Regional BRUTOS'!G$25 -> 124.50089 | H5: ='Datos Regional BRUTOS'!H5*'Datos Regional BRUTOS'!H$25 -> 57.331726 | I5: ='Datos Regional BRUTOS'!I5*'Datos Regional BRUTOS'!I$25 -> 147.64272 | ... BE5: ='Datos Regional BRUTOS'!BE5*'Datos Regional BRUTOS'!BE$25 -> 38.842555 | BF5: =AVERAGE(B5:BE5) -> 50.072857 | BG5: 50.072857
A6: 05 Canarias | C6: ='Datos Regional BRUTOS'!C6*'Datos Regional BRUTOS'!C$25 -> 36.198465 | D6: ='Datos Regional BRUTOS'!D6*'Datos Regional BRUTOS'!D$25 -> 143.23418 | E6: ='Datos Regional BRUTOS'!E6*'Datos Regional BRUTOS'!E$25 -> 46.117565 | F6: ='Datos Regional BRUTOS'!F6*'Datos Regional BRUTOS'!F$25 -> 21.708197 | G6: ='Datos Regional BRUTOS'!G6*'Datos Regional BRUTOS'!G$25 -> 107.97967 | H6: ='Datos Regional BRUTOS'!H6*'Datos Regional BRUTOS'!H$25 -> 22.576526 | I6: ='Datos Regional BRUTOS'!I6*'Datos Regional BRUTOS'!I$25 -> 149.52149 | J6: ='Datos Regional BRUTOS'!J6*'Datos Regional BRUTOS'!J$25 -> 55.48444 | ... BE6: ='Datos Regional BRUTOS'!BE6*'Datos Regional BRUTOS'!BE$25 -> 77.549767 | BF6: =AVERAGE(B6:BE6) -> 63.74048 | BG6: 63.74048
A7: 06 Cantabria | B7: ='Datos Regional BRUTOS'!B7*'Datos Regional BRUTOS'!B$25 -> 81.010853 | D7: ='Datos Regional BRUTOS'!D7*'Datos Regional BRUTOS'!D$25 -> 110.86302 | E7: ='Datos Regional BRUTOS'!E7*'Datos Regional BRUTOS'!E$25 -> 23.058783 | F7: ='Datos Regional BRUTOS'!F7*'Datos Regional BRUTOS'!F$25 -> 16.884153 | G7: ='Datos Regional BRUTOS'!G7*'Datos Regional BRUTOS'!G$25 -> 105.16282 | H7: ='Datos Regional BRUTOS'!H7*'Datos Regional BRUTOS'!H$25 -> 25.617854 | I7: ='Datos Regional BRUTOS'!I7*'Datos Regional BRUTOS'!I$25 -> 131.43733 | J7: ='Datos Regional BRUTOS'!J7*'Datos Regional BRUTOS'!J$25 -> 119.243 | K7: ='Datos Regional BRUTOS'!K7*'Datos Regional BRUTOS'!K$25 -> 105.99517 | ... BE7: ='Datos Regional BRUTOS'!BE7*'Datos Regional BRUTOS'!BE$25 -> 29.285587 | BF7: =AVERAGE(B7:BE7) -> 80.159173 | BG7: 80.159173
A8: 07 Castilla y León | B8: ='Datos Regional BRUTOS'!B8*'Datos Regional BRUTOS'!B$25 -> 16.699555 | C8: ='Datos Regional BRUTOS'!C8*'Datos Regional BRUTOS'!C$25 -> 3.5028076 | D8: ='Datos Regional BRUTOS'!D8*'Datos Regional BRUTOS'!D$25 -> 91.634128 | E8: ='Datos Regional BRUTOS'!E8*'Datos Regional BRUTOS'!E$25 -> 26.5176 | F8: ='Datos Regional BRUTOS'!F8*'Datos Regional BRUTOS'!F$25 -> 45.828416 | G8: ='Datos Regional BRUTOS'!G8*'Datos Regional BRUTOS'!G$25 -> 148.54177 | H8: ='Datos Regional BRUTOS'!H8*'Datos Regional BRUTOS'!H$25 -> 17.851862 | I8: ='Datos Regional BRUTOS'!I8*'Datos Regional BRUTOS'!I$25 -> 0 | ... BE8: ='Datos Regional BRUTOS'!BE8*'Datos Regional BRUTOS'!BE$25 -> 13.148731 | BF8: =AVERAGE(B8:BE8) -> 73.956745 | BG8: 73.956745
A9: 08 Castilla - La Mancha | B9: ='Datos Regional BRUTOS'!B9*'Datos Regional BRUTOS'!B$25 -> 8.6676997 | C9: ='Datos Regional BRUTOS'!C9*'Datos Regional BRUTOS'!C$25 -> 23.61485 | D9: ='Datos Regional BRUTOS'!D9*'Datos Regional BRUTOS'!D$25 -> 103.63385 | E9: ='Datos Regional BRUTOS'!E9*'Datos Regional BRUTOS'!E$25 -> 28.823478 | F9: ='Datos Regional BRUTOS'!F9*'Datos Regional BRUTOS'!F$25 -> 55.476503 | G9: ='Datos Regional BRUTOS'!G9*'Datos Regional BRUTOS'!G$25 -> 102.77177 | H9: ='Datos Regional BRUTOS'!H9*'Datos Regional BRUTOS'!H$25 -> 62.525495 | I9: ='Datos Regional BRUTOS'!I9*'Datos Regional BRUTOS'!I$25 -> 97.373275 | ... BE9: ='Datos Regional BRUTOS'!BE9*'Datos Regional BRUTOS'!BE$25 -> 4.5855708 | BF9: =AVERAGE(B9:BE9) -> 76.302032 | BG9: 76.302032
A10: 09 Cataluña | B10: ='Datos Regional BRUTOS'!B10*'Datos Regional BRUTOS'!B$25 -> 34.440618 | C10: ='Datos Regional BRUTOS'!C10*'Datos Regional BRUTOS'!C$25 -> 19.893129 | D10: ='Datos Regional BRUTOS'!D10*'Datos Regional BRUTOS'!D$25 -> 9.567241 | E10: ='Datos Regional BRUTOS'!E10*'Datos Regional BRUTOS'!E$25 -> 103.76452 | F10: ='Datos Regional BRUTOS'!F10*'Datos Regional BRUTOS'!F$25 -> 9.6480875 | G10: ='Datos Regional BRUTOS'!G10*'Datos Regional BRUTOS'!G$25 -> 150.34326 | H10: ='Datos Regional BRUTOS'!H10*'Datos Regional BRUTOS'!H$25 -> 57.03017 | I10: ='Datos Regional BRUTOS'!I10*'Datos Regional BRUTOS'!I$25 -> 88.238433 | ... BE10: ='Datos Regional BRUTOS'!BE10*'Datos Regional BRUTOS'!BE$25 -> 79.673361 | BF10: =AVERAGE(B10:BE10) -> 62.314448 | BG10: 62.314448
A11: 10 Comunitat Valenciana | B11: ='Datos Regional BRUTOS'!B11*'Datos Regional BRUTOS'!B$25 -> 34.644534 | C11: ='Datos Regional BRUTOS'!C11*'Datos Regional BRUTOS'!C$25 -> 139.53267 | D11: ='Datos Regional BRUTOS'!D11*'Datos Regional BRUTOS'!D$25 -> 37.888642 | E11: ='Datos Regional BRUTOS'!E11*'Datos Regional BRUTOS'!E$25 -> 73.788105 | F11: ='Datos Regional BRUTOS'!F11*'Datos Regional BRUTOS'!F$25 -> 31.356284 | G11: ='Datos Regional BRUTOS'!G11*'Datos Regional BRUTOS'!G$25 -> 124.39146 | H11: ='Datos Regional BRUTOS'!H11*'Datos Regional BRUTOS'!H$25 -> 54.950824 | I11: ='Datos Regional BRUTOS'!I11*'Datos Regional BRUTOS'!I$25 -> 21.383737 | ... BE11: ='Datos Regional BRUTOS'!BE11*'Datos Regional BRUTOS'!BE$25 -> 26.228722 | BF11: =AVERAGE(B11:BE11) -> 73.888234 | BG11: 73.888234
A12: 11 Extremadura | B12: ='Datos Regional BRUTOS'!B12*'Datos Regional BRUTOS'!B$25 -> 10.493716 | C12: ='Datos Regional BRUTOS'!C12*'Datos Regional BRUTOS'!C$25 -> 50.374288 | D12: ='Datos Regional BRUTOS'!D12*'Datos Regional BRUTOS'!D$25 -> 62.122018 | E12: ='Datos Regional BRUTOS'!E12*'Datos Regional BRUTOS'!E$25 -> 12.68233 | F12: ='Datos Regional BRUTOS'!F12*'Datos Regional BRUTOS'!F$25 -> 108.54098 | G12: ='Datos Regional BRUTOS'!G12*'Datos Regional BRUTOS'!G$25 -> 128.97694 | H12: ='Datos Regional BRUTOS'!H12*'Datos Regional BRUTOS'!H$25 -> 40.118014 | I12: ='Datos Regional BRUTOS'!I12*'Datos Regional BRUTOS'!I$25 -> 101.92478 | ... BE12: ='Datos Regional BRUTOS'!BE12*'Datos Regional BRUTOS'!BE$25 -> 0 | BF12: =AVERAGE(B12:BE12) -> 74.464883 | BG12: 74.464883
A13: 12 Galicia | B13: ='Datos Regional BRUTOS'!B13*'Datos Regional BRUTOS'!B$25 -> 15.177272 | C13: ='Datos Regional BRUTOS'!C13*'Datos Regional BRUTOS'!C$25 -> 176.1691 | D13: ='Datos Regional BRUTOS'!D13*'Datos Regional BRUTOS'!D$25 -> 129.25777 | E13: ='Datos Regional BRUTOS'!E13*'Datos Regional BRUTOS'!E$25 -> 27.670539 | F13: ='Datos Regional BRUTOS'!F13*'Datos Regional BRUTOS'!F$25 -> 86.832788 | G13: ='Datos Regional BRUTOS'!G13*'Datos Regional BRUTOS'!G$25 -> 0 | H13: ='Datos Regional BRUTOS'!H13*'Datos Regional BRUTOS'!H$25 -> 14.498676 | I13: ='Datos Regional BRUTOS'!I13*'Datos Regional BRUTOS'!I$25 -> 52.846974 | ... BE13: ='Datos Regional BRUTOS'!BE13*'Datos Regional BRUTOS'!BE$25 -> 20.187233 | BF13: =AVERAGE(B13:BE13) -> 75.195391 | BG13: 75.195391
A14: 13 Madrid, Comunidad de | B14: ='Datos Regional BRUTOS'!B14*'Datos Regional BRUTOS'!B$25 -> 40.61041 | C14: ='Datos Regional BRUTOS'!C14*'Datos Regional BRUTOS'!C$25 -> 10.450679 | D14: ='Datos Regional BRUTOS'!D14*'Datos Regional BRUTOS'!D$25 -> 34.541018 | E14: ='Datos Regional BRUTOS'!E14*'Datos Regional BRUTOS'!E$25 -> 103.76452 | F14: ='Datos Regional BRUTOS'!F14*'Datos Regional BRUTOS'!F$25 -> 0 | G14: ='Datos Regional BRUTOS'!G14*'Datos Regional BRUTOS'!G$25 -> 133.78107 | H14: ='Datos Regional BRUTOS'!H14*'Datos Regional BRUTOS'!H$25 -> 56.662312 | I14: ='Datos Regional BRUTOS'!I14*'Datos Regional BRUTOS'!I$25 -> 163.43828 | ... BE14: ='Datos Regional BRUTOS'!BE14*'Datos Regional BRUTOS'!BE$25 -> 88.564396 | BF14: =AVERAGE(B14:BE14) -> 68.004265 | BG14: 68.004265
A15: 14 Murcia, Región de | C15: ='Datos Regional BRUTOS'!C15*'Datos Regional BRUTOS'!C$25 -> 8.3133829 | D15: ='Datos Regional BRUTOS'!D15*'Datos Regional BRUTOS'!D$25 -> 0 | E15: ='Datos Regional BRUTOS'!E15*'Datos Regional BRUTOS'!E$25 -> 43.811687 | F15: ='Datos Regional BRUTOS'!F15*'Datos Regional BRUTOS'!F$25 -> 151.95738 | G15: ='Datos Regional BRUTOS'!G15*'Datos Regional BRUTOS'!G$25 -> 95.663043 | H15: ='Datos Regional BRUTOS'!H15*'Datos Regional BRUTOS'!H$25 -> 90.441822 | I15: ='Datos Regional BRUTOS'!I15*'Datos Regional BRUTOS'!I$25 -> 73.928902 | J15: ='Datos Regional BRUTOS'!J15*'Datos Regional BRUTOS'!J$25 -> 43.86972 | ... BE15: ='Datos Regional BRUTOS'!BE15*'Datos Regional BRUTOS'!BE$25 -> 58.985329 | BF15: =AVERAGE(B15:BE15) -> 68.0427 | BG15: 68.0427
A16: 15 Navarra, Comunidad Foral de | B16: ='Datos Regional BRUTOS'!B16*'Datos Regional BRUTOS'!B$25 -> 24.973133 | D16: ='Datos Regional BRUTOS'!D16*'Datos Regional BRUTOS'!D$25 -> 102.72392 | E16: ='Datos Regional BRUTOS'!E16*'Datos Regional BRUTOS'!E$25 -> 18.447026 | F16: ='Datos Regional BRUTOS'!F16*'Datos Regional BRUTOS'!F$25 -> 31.356284 | G16: ='Datos Regional BRUTOS'!G16*'Datos Regional BRUTOS'!G$25 -> 143.91052 | H16: ='Datos Regional BRUTOS'!H16*'Datos Regional BRUTOS'!H$25 -> 67.33369 | I16: ='Datos Regional BRUTOS'!I16*'Datos Regional BRUTOS'!I$25 -> 161.2748 | J16: ='Datos Regional BRUTOS'!J16*'Datos Regional BRUTOS'!J$25 -> 83.699918 | K16: ='Datos Regional BRUTOS'!K16*'Datos Regional BRUTOS'!K$25 -> 60.821958 | ... BE16: ='Datos Regional BRUTOS'!BE16*'Datos Regional BRUTOS'!BE$25 -> 34.630598 | BF16: =AVERAGE(B16:BE16) -> 67.657789 | BG16: 67.657789
A17: 16 País Vasco | B17: ='Datos Regional BRUTOS'!B17*'Datos Regional BRUTOS'!B$25 -> 38.583579 | C17: ='Datos Regional BRUTOS'!C17*'Datos Regional BRUTOS'!C$25 -> 17.177146 | D17: ='Datos Regional BRUTOS'!D17*'Datos Regional BRUTOS'!D$25 -> 38.984205 | E17: ='Datos Regional BRUTOS'!E17*'Datos Regional BRUTOS'!E$25 -> 28.823478 | F17: ='Datos Regional BRUTOS'!F17*'Datos Regional BRUTOS'!F$25 -> 12.060109 | G17: ='Datos Regional BRUTOS'!G17*'Datos Regional BRUTOS'!G$25 -> 111.81323 | H17: ='Datos Regional BRUTOS'!H17*'Datos Regional BRUTOS'!H$25 -> 38.248083 | I17: ='Datos Regional BRUTOS'!I17*'Datos Regional BRUTOS'!I$25 -> 153.88538 | ... BE17: ='Datos Regional BRUTOS'!BE17*'Datos Regional BRUTOS'!BE$25 -> 79.817198 | BF17: =AVERAGE(B17:BE17) -> 74.681062 | BG17: 74.681062
A18: 17 Rioja, La | B18: ='Datos Regional BRUTOS'!B18*'Datos Regional BRUTOS'!B$25 -> 44.538322 | C18: ='Datos Regional BRUTOS'!C18*'Datos Regional BRUTOS'!C$25 -> 5.5756615 | D18: ='Datos Regional BRUTOS'!D18*'Datos Regional BRUTOS'!D$25 -> 157.4234 | E18: ='Datos Regional BRUTOS'!E18*'Datos Regional BRUTOS'!E$25 -> 0 | F18: ='Datos Regional BRUTOS'!F18*'Datos Regional BRUTOS'!F$25 -> 77.1847 | G18: ='Datos Regional BRUTOS'!G18*'Datos Regional BRUTOS'!G$25 -> 149.3194 | H18: ='Datos Regional BRUTOS'!H18*'Datos Regional BRUTOS'!H$25 -> 52.72783 | I18: ='Datos Regional BRUTOS'!I18*'Datos Regional BRUTOS'!I$25 -> 109.9283 | ... BE18: ='Datos Regional BRUTOS'!BE18*'Datos Regional BRUTOS'!BE$25 -> 42.681616 | BF18: =AVERAGE(B18:BE18) -> 68.07076 | BG18: 68.07076
A19: 18 Ceuta | B19: ='Datos Regional BRUTOS'!B19*'Datos Regional BRUTOS'!B$25 -> 169.94323 | C19: ='Datos Regional BRUTOS'!C19*'Datos Regional BRUTOS'!C$25 -> 176.1691 | D19: ='Datos Regional BRUTOS'!D19*'Datos Regional BRUTOS'!D$25 -> 40.176309 | E19: ='Datos Regional BRUTOS'!E19*'Datos Regional BRUTOS'!E$25 -> 95.693948 | H19: ='Datos Regional BRUTOS'!H19*'Datos Regional BRUTOS'!H$25 -> 116.85529 | I19: ='Datos Regional BRUTOS'!I19*'Datos Regional BRUTOS'!I$25 -> 27.810679 | J19: ='Datos Regional BRUTOS'!J19*'Datos Regional BRUTOS'!J$25 -> 10.157303 | K19: ='Datos Regional BRUTOS'!K19*'Datos Regional BRUTOS'!K$25 -> 32.072056 | L19: ='Datos Regional BRUTOS'!L19*'Datos Regional BRUTOS'!L$25 -> 0 | M19: ='Datos Regional BRUTOS'!M19*'Datos Regional BRUTOS'!M$25 -> 31.492796 | N19: ='Datos Regional BRUTOS'!N19*'Datos Regional BRUTOS'!N$25 -> 118.87106 | O19: ='Datos Regional BRUTOS'!O19*'Datos Regional BRUTOS'!O$25 -> 135.17949 | ... AV19: ='Datos Regional BRUTOS'!AV19*'Datos Regional BRUTOS'!AV$25 -> 167.28099 | AY19: ='Datos Regional BRUTOS'!AY19*'Datos Regional BRUTOS'!AY$25 -> 91.132292 | AZ19: ='Datos Regional BRUTOS'!AZ19*'Datos Regional BRUTOS'!AZ$25 -> 33.786169 | BA19: ='Datos Regional BRUTOS'!BA19*'Datos Regional BRUTOS'!BA$25 -> 115.99127 | BB19: ='Datos Regional BRUTOS'!BB19*'Datos Regional BRUTOS'!BB$25 -> 124.6966 | BC19: ='Datos Regional BRUTOS'!BC19*'Datos Regional BRUTOS'!BC$25 -> 107.78959 | BD19: ='Datos Regional BRUTOS'!BD19*'Datos Regional BRUTOS'!BD$25 -> 108.29824 | BE19: ='Datos Regional BRUTOS'!BE19*'Datos Regional BRUTOS'!BE$25 -> 166.63362 | BF19: =AVERAGE(B19:BE19) -> 103.2069 | BG19: 103.2069
A20: 19 Melilla | B20: ='Datos Regional BRUTOS'!B20*'Datos Regional BRUTOS'!B$25 -> 169.94323 | D20: ='Datos Regional BRUTOS'!D20*'Datos Regional BRUTOS'!D$25 -> 37.681175 | E20: ='Datos Regional BRUTOS'!E20*'Datos Regional BRUTOS'!E$25 -> 154.49384 | H20: ='Datos Regional BRUTOS'!H20*'Datos Regional BRUTOS'!H$25 -> 159.62781 | I20: ='Datos Regional BRUTOS'!I20*'Datos Regional BRUTOS'!I$25 -> 167.63735 | J20: ='Datos Regional BRUTOS'!J20*'Datos Regional BRUTOS'!J$25 -> 0 | K20: ='Datos Regional BRUTOS'!K20*'Datos Regional BRUTOS'!K$25 -> 0 | L20: ='Datos Regional BRUTOS'!L20*'Datos Regional BRUTOS'!L$25 -> 10.718439 | M20: ='Datos Regional BRUTOS'!M20*'Datos Regional BRUTOS'!M$25 -> 62.549404 | N20: ='Datos Regional BRUTOS'!N20*'Datos Regional BRUTOS'!N$25 -> 176.1691 | O20: ='Datos Regional BRUTOS'!O20*'Datos Regional BRUTOS'!O$25 -> 137.2438 | ... AV20: ='Datos Regional BRUTOS'!AV20*'Datos Regional BRUTOS'!AV$25 -> 163.7428 | AY20: ='Datos Regional BRUTOS'!AY20*'Datos Regional BRUTOS'!AY$25 -> 136.12279 | AZ20: ='Datos Regional BRUTOS'!AZ20*'Datos Regional BRUTOS'!AZ$25 -> 0 | BA20: ='Datos Regional BRUTOS'!BA20*'Datos Regional BRUTOS'!BA$25 -> 161.64885 | BB20: ='Datos Regional BRUTOS'!BB20*'Datos Regional BRUTOS'!BB$25 -> 21.133934 | BC20: ='Datos Regional BRUTOS'!BC20*'Datos Regional BRUTOS'!BC$25 -> 174.02175 | BD20: ='Datos Regional BRUTOS'!BD20*'Datos Regional BRUTOS'!BD$25 -> 44.148141 | BE20: ='Datos Regional BRUTOS'!BE20*'Datos Regional BRUTOS'!BE$25 -> 162.26451 | BF20: =AVERAGE(B20:BE20) -> 107.18556 | BG20: 107.18556

Sheet Índice Clima-Gen + CC
C1: DATOS CAMBIO CLIMÁTICO | I1: ESCENARIO 4.5 | L1: ESCENARIO 8.5
A2: Unidad territorial | B2: ÍNDICE CLIMA-GEN SIN CAMBIO CLIMÁTICO | C2: ICC 2040 4.5 | D2: ICC 2070 4.5 | E2: ICC 2100 4.5 | F2: ICC 2040 8.5 | G2: ICC 2070 8.5 | H2: ICC 2100 8.5 | I2: CLIMA-GEN + CAMBIO CLIMÁTICO 2040 4.5 | J2: CLIMA-GEN + CAMBIO CLIMÁTICO 2070 4.5 | K2: CLIMA-GEN + CAMBIO CLIMÁTICO 2100 4.5 | L2: CLIMA-GEN + CAMBIO CLIMÁTICO 2040 8.5 | M2: CLIMA-GEN + CAMBIO CLIMÁTICO 2070 8.5 | N2: CLIMA-GEN + CAMBIO CLIMÁTICO 2100 8.5
A3: 01 Andalucía | B3: 76.532672 | C3: 17.423958 | D3: 19.007324 | E3: 18.431374 | F3: 18.190815 | G3: 19.355888 | H3: 18.940057 | I3: =$B3*C3 -> 1333.5021 | J3: =$B3*D3 -> 1454.6813 | K3: =$B3*E3 -> 1410.6023 | L3: =$B3*F3 -> 1392.1917 | M3: =$B3*G3 -> 1481.3579 | N3: =$B3*H3 -> 1449.5332
A4: 02 Aragón | B4: 73.445682 | C4: 11.058964 | D4: 11.243043 | E4: 10.938591 | F4: 11.237853 | G4: 11.265446 | H4: 11.955896 | I4: =$B4*C4 -> 812.23313 | J4: =$B4*D4 -> 825.75297 | K4: =$B4*E4 -> 803.39228 | L4: =$B4*F4 -> 825.37176 | M4: =$B4*G4 -> 827.39833 | N4: =$B4*H4 -> 878.10895
A5: 03 Asturias, Principado de | B5: 90.013785 | C5: 8.7562972 | D5: 8.6335049 | E5: 8.0418498 | F5: 8.5061063 | G5: 8.3085896 | H5: 7.9537834 | I5: =$B5*C5 -> 788.18745 | J5: =$B5*D5 -> 777.13445 | K5: =$B5*E5 -> 723.87733 | L5: =$B5*F5 -> 765.66683 | M5: =$B5*G5 -> 747.8876 | N5: =$B5*H5 -> 715.95015
A6: 04 Balears, Illes | B6: 50.072857 | C6: 10.04739 | D6: 10.393116 | E6: 10.153873 | F6: 9.9200357 | G6: 10.370403 | H6: 10.969135 | I6: =$B6*C6 -> 503.10154 | J6: =$B6*D6 -> 520.41299 | K6: =$B6*E6 -> 508.43342 | L6: =$B6*F6 -> 496.72452 | M6: =$B6*G6 -> 519.27569 | N6: =$B6*H6 -> 549.25594
A7: 05 Canarias | B7: 63.74048 | C7: 2.2689963 | D7: 2.1931264 | E7: 2.3417659 | F7: 2.383196 | G7: 2.2758398 | H7: 2.0670934 | I7: =$B7*C7 -> 144.62691 | J7: =$B7*D7 -> 139.79093 | K7: =$B7*E7 -> 149.26528 | L7: =$B7*F7 -> 151.90606 | M7: =$B7*G7 -> 145.06312 | N7: =$B7*H7 -> 131.75753
A8: 06 Cantabria | B8: 80.159173 | C8: 8.0086799 | D8: 7.6624775 | E8: 7.1617206 | F8: 7.7683066 | G8: 7.3173622 | H8: 7.1981974 | I8: =$B8*C8 -> 641.96915 | J8: =$B8*D8 -> 614.21786 | K8: =$B8*E8 -> 574.0776 | L8: =$B8*F8 -> 622.70103 | M8: =$B8*G8 -> 586.5537 | N8: =$B8*H8 -> 577.00155
A9: 07 Castilla y León | B9: 73.956745 | C9: 9.9614074 | D9: 10.437968 | E9: 10.147804 | F9: 10.271705 | G9: 10.679859 | H9: 11.249281 | I9: =$B9*C9 -> 736.71326 | J9: =$B9*D9 -> 771.95815 | K9: =$B9*E9 -> 750.49858 | L9: =$B9*F9 -> 759.66185 | M9: =$B9*G9 -> 789.84764 | N9: =$B9*H9 -> 831.96024
A10: 08 Castilla - La Mancha | B10: 76.302032 | C10: 15.695163 | D10: 16.478276 | E10: 16.096813 | F10: 16.180478 | G10: 16.805923 | H10: 17.138704 | I10: =$B10*C10 -> 1197.5728 | J10: =$B10*D10 -> 1257.3259 | K10: =$B10*E10 -> 1228.2195 | L10: =$B10*F10 -> 1234.6034 | M10: =$B10*G10 -> 1282.326 | N10: =$B10*H10 -> 1307.718
A11: 09 Cataluña | B11: 62.314448 | C11: 9.4857086 | D11: 9.792337 | E11: 9.6779463 | F11: 9.3998912 | G11: 9.7482263 | H11: 10.357119 | I11: =$B11*C11 -> 591.09669 | J11: =$B11*D11 -> 610.20407 | K11: =$B11*E11 -> 603.07588 | L11: =$B11*F11 -> 585.74903 | M11: =$B11*G11 -> 607.45534 | N11: =$B11*H11 -> 645.39818
A12: 10 Comunitat Valenciana | B12: 73.888234 | C12: 13.099312 | D12: 13.541381 | E12: 13.01761 | F12: 13.150925 | G12: 13.254059 | H12: 14.094638 | I12: =$B12*C12 -> 967.885 | J12: =$B12*D12 -> 1000.5488 | K12: =$B12*E12 -> 961.84825 | L12: =$B12*F12 -> 971.69861 | M12: =$B12*G12 -> 979.31902 | N12: =$B12*H12 -> 1041.4279
A13: 11 Extremadura | B13: 74.464883 | C13: 16.707088 | D13: 17.791502 | E13: 17.374942 | F13: 17.72491 | G13: 18.555978 | H13: 18.137102 | I13: =$B13*C13 -> 1244.0913 | J13: =$B13*D13 -> 1324.8421 | K13: =$B13*E13 -> 1293.823 | L13: =$B13*F13 -> 1319.8833 | M13: =$B13*G13 -> 1381.7687 | N13: =$B13*H13 -> 1350.5772
A14: 12 Galicia | B14: 75.195391 | C14: 9.6399616 | D14: 9.9640127 | E14: 9.8630602 | F14: 9.879698 | G14: 10.068398 | H14: 10.612539 | I14: =$B14*C14 -> 724.88068 | J14: =$B14*D14 -> 749.24783 | K14: =$B14*E14 -> 741.65667 | L14: =$B14*F14 -> 742.90776 | M14: =$B14*G14 -> 757.09713 | N14: =$B14*H14 -> 798.014
... A21: 19 Melilla | B21: 107.18556 | C21: 10.703833 | D21: 11.227362 | E21: 10.521806 | F21: 9.9639078 | G21: 10.43061 | H21: 10.213426 | I21: =$B21*C21 -> 1147.2963 | J21: =$B21*D21 -> 1203.411 | K21: =$B21*E21 -> 1127.7857 | L21: =$B21*F21 -> 1067.987 | M21: =$B21*G21 -> 1118.0107 | N21: =$B21*H21 -> 1094.7317
